"SID","station_group"
1495,"Coast Norway"
1508,"Coast Norway"
1482,"Coast Norway"
1478,"Coast Norway"
1476,"Coast Norway"
1467,"Coast Norway"
1448,"Coast Norway"
1430,"Coast Norway"
1436,"Coast Norway"
1427,"Coast Norway"
1426,"Coast Norway"
1412,"Coast Norway"
1411,"Coast Norway"
1414,"Coast Norway"
1406,"Coast Norway"
1418,"Coast Norway"
1307,"Coast Norway"
1308,"Coast Norway"
1304,"Coast Norway"
1203,"Coast Norway"
1205,"Coast Norway"
1210,"Coast Norway"
1212,"Coast Norway"
1225,"Coast Norway"
1228,"Coast Norway"
1240,"Coast Norway"
1259,"Coast Norway"
1262,"Coast Norway"
1102,"Coast Norway"
1108,"Coast Norway"
1117,"Coast Norway"
1121,"Coast Norway"
1115,"Coast Norway"
1144,"Coast Norway"
1152,"Coast Norway"
1160,"Coast Norway"
1156,"Coast Norway"
1010,"Coast Norway"
1012,"Coast Norway"
1015,"Coast Norway"
1021,"Coast Norway"
1033,"Coast Norway"
1044,"Coast Norway"
1055,"Coast Norway"
1068,"Coast Norway"
1074,"Coast Norway"
1083,"Coast Norway"
1092,"Coast Norway"
1098,"Coast Norway"
1088,"Coast Norway"
1112,"North Norway"
1108,"North Norway"
1117,"North Norway"
1116,"North Norway"
1122,"North Norway"
1133,"North Norway"
1132,"North Norway"
1135,"North Norway"
1147,"North Norway"
1146,"North Norway"
1151,"North Norway"
1150,"North Norway"
1121,"North Norway"
1115,"North Norway"
1611,"North Norway"
1114,"North Norway"
1169,"North Norway"
1158,"North Norway"
1153,"North Norway"
1152,"North Norway"
1144,"North Norway"
1143,"North Norway"
1192,"North Norway"
1193,"North Norway"
1183,"North Norway"
1105,"North Norway"
1160,"North Norway"
1161,"North Norway"
1141,"North Norway"
1139,"North Norway"
1107,"North Norway"
1524,"North Norway"
1167,"North Norway"
1162,"North Norway"
1156,"North Norway"
1010,"North Norway"
1018,"North Norway"
1180,"North Norway"
1015,"North Norway"
1030,"North Norway"
1023,"North Norway"
1521,"North Norway"
1198,"North Norway"
1027,"North Norway"
1026,"North Norway"
1025,"North Norway"
1513,"North Norway"
1514,"North Norway"
1512,"North Norway"
1021,"North Norway"
1022,"North Norway"
1038,"North Norway"
1033,"North Norway"
1035,"North Norway"
1037,"North Norway"
1046,"North Norway"
1045,"North Norway"
1612,"North Norway"
1044,"North Norway"
1042,"North Norway"
1058,"North Norway"
1047,"North Norway"
1199,"North Norway"
1043,"North Norway"
1052,"North Norway"
1055,"North Norway"
1518,"North Norway"
1068,"North Norway"
1059,"North Norway"
1074,"North Norway"
1078,"North Norway"
1076,"North Norway"
1065,"North Norway"
1057,"North Norway"
1083,"North Norway"
1086,"North Norway"
1092,"North Norway"
1098,"North Norway"
1099,"North Norway"
1088,"North Norway"
1089,"North Norway"
1085,"North Norway"
1084,"North Norway"
1082,"North Norway"
1010,"North Norway Pure Coast"
1015,"North Norway Pure Coast"
1021,"North Norway Pure Coast"
1033,"North Norway Pure Coast"
1034,"North Norway Pure Coast"
1043,"North Norway Pure Coast"
1044,"North Norway Pure Coast"
1046,"North Norway Pure Coast"
1052,"North Norway Pure Coast"
1055,"North Norway Pure Coast"
1066,"North Norway Pure Coast"
1068,"North Norway Pure Coast"
1074,"North Norway Pure Coast"
1078,"North Norway Pure Coast"
1083,"North Norway Pure Coast"
1086,"North Norway Pure Coast"
1088,"North Norway Pure Coast"
1092,"North Norway Pure Coast"
1097,"North Norway Pure Coast"
1098,"North Norway Pure Coast"
1099,"North Norway Pure Coast"
1102,"North Norway Pure Coast"
1103,"North Norway Pure Coast"
1105,"North Norway Pure Coast"
1106,"North Norway Pure Coast"
1107,"North Norway Pure Coast"
1108,"North Norway Pure Coast"
1112,"North Norway Pure Coast"
1114,"North Norway Pure Coast"
1115,"North Norway Pure Coast"
1116,"North Norway Pure Coast"
1117,"North Norway Pure Coast"
1121,"North Norway Pure Coast"
1137,"North Norway Pure Coast"
1138,"North Norway Pure Coast"
1139,"North Norway Pure Coast"
1141,"North Norway Pure Coast"
1144,"North Norway Pure Coast"
1152,"North Norway Pure Coast"
1154,"North Norway Pure Coast"
1156,"North Norway Pure Coast"
1160,"North Norway Pure Coast"
1161,"North Norway Pure Coast"
1521,"North Norway Pure Coast"
1025,"North Norway Fjord Regions"
1026,"North Norway Fjord Regions"
1027,"North Norway Fjord Regions"
1035,"North Norway Fjord Regions"
1041,"North Norway Fjord Regions"
1045,"North Norway Fjord Regions"
1046,"North Norway Fjord Regions"
1049,"North Norway Fjord Regions"
1059,"North Norway Fjord Regions"
1089,"North Norway Fjord Regions"
1122,"North Norway Fjord Regions"
1135,"North Norway Fjord Regions"
1143,"North Norway Fjord Regions"
1146,"North Norway Fjord Regions"
1158,"North Norway Fjord Regions"
1162,"North Norway Fjord Regions"
1167,"North Norway Fjord Regions"
1172,"North Norway Fjord Regions"
1180,"North Norway Fjord Regions"
1183,"North Norway Fjord Regions"
1189,"North Norway Fjord Regions"
1191,"North Norway Fjord Regions"
1192,"North Norway Fjord Regions"
1194,"North Norway Fjord Regions"
1196,"North Norway Fjord Regions"
1513,"North Norway Fjord Regions"
1514,"North Norway Fjord Regions"
1018,"North Norway Mountain"
1030,"North Norway Mountain"
1035,"North Norway Mountain"
1042,"North Norway Mountain"
1023,"North Norway Inland"
1032,"North Norway Inland"
1037,"North Norway Inland"
1047,"North Norway Inland"
1058,"North Norway Inland"
1057,"North Norway Inland"
1065,"North Norway Inland"
1075,"North Norway Inland"
1076,"North Norway Inland"
1082,"North Norway Inland"
1084,"North Norway Inland"
1133,"North Norway Inland"
1134,"North Norway Inland"
1147,"North Norway Inland"
1149,"North Norway Inland"
1150,"North Norway Inland"
1151,"North Norway Inland"
1169,"North Norway Inland"
1198,"North Norway Inland"
1199,"North Norway Inland"
1440,"Mountain Norway"
1433,"Mountain Norway"
1352,"Mountain Norway"
1350,"Mountain Norway"
1366,"Mountain Norway"
1220,"Mountain Norway"
1239,"Mountain Norway"
1352,"West Norway"
1350,"West Norway"
1609,"West Norway"
1425,"West Norway"
1426,"West Norway"
1412,"West Norway"
1413,"West Norway"
1415,"West Norway"
1411,"West Norway"
1416,"West Norway"
1419,"West Norway"
1422,"West Norway"
1429,"West Norway"
1433,"West Norway"
1424,"West Norway"
1417,"West Norway"
1408,"West Norway"
1403,"West Norway"
1414,"West Norway"
1407,"West Norway"
1406,"West Norway"
1342,"West Norway"
1340,"West Norway"
1329,"West Norway"
1418,"West Norway"
1327,"West Norway"
1311,"West Norway"
1317,"West Norway"
1314,"West Norway"
1315,"West Norway"
1337,"West Norway"
1344,"West Norway"
1326,"West Norway"
1307,"West Norway"
1319,"West Norway"
1338,"West Norway"
1345,"West Norway"
1346,"West Norway"
1355,"West Norway"
1364,"West Norway"
1356,"West Norway"
1366,"West Norway"
1347,"West Norway"
1332,"West Norway"
1308,"West Norway"
1323,"West Norway"
1322,"West Norway"
1310,"West Norway"
1304,"West Norway"
1204,"West Norway"
1318,"West Norway"
1320,"West Norway"
1321,"West Norway"
1203,"West Norway"
1207,"West Norway"
1209,"West Norway"
1205,"West Norway"
1515,"West Norway"
1218,"West Norway"
1229,"West Norway"
1224,"West Norway"
1210,"West Norway"
1214,"West Norway"
1517,"West Norway"
1220,"West Norway"
1232,"West Norway"
1230,"West Norway"
1217,"West Norway"
1212,"West Norway"
1226,"West Norway"
1245,"West Norway"
1223,"West Norway"
1221,"West Norway"
1225,"West Norway"
1237,"West Norway"
1228,"West Norway"
1234,"West Norway"
1253,"West Norway"
1254,"West Norway"
1273,"West Norway"
1257,"West Norway"
1271,"West Norway"
1270,"West Norway"
1293,"West Norway"
1272,"West Norway"
1278,"West Norway"
1124,"West Norway"
1277,"West Norway"
1241,"West Norway"
1242,"West Norway"
1240,"West Norway"
1259,"West Norway"
1290,"West Norway"
1298,"West Norway"
1291,"West Norway"
1281,"West Norway"
1282,"West Norway"
1262,"West Norway"
1102,"West Norway"
1397,"East Norway"
1392,"East Norway"
1484,"East Norway"
1493,"East Norway"
1500,"East Norway"
1466,"East Norway"
1384,"East Norway"
1507,"East Norway"
1468,"East Norway"
1472,"East Norway"
1388,"East Norway"
1389,"East Norway"
1383,"East Norway"
1604,"East Norway"
1605,"East Norway"
1250,"East Norway"
1239,"East Norway"
1265,"East Norway"
1288,"East Norway"
1381,"East Norway"
1386,"East Norway"
1385,"East Norway"
1382,"East Norway"
1378,"East Norway"
1387,"East Norway"
1375,"East Norway"
1380,"East Norway"
1370,"East Norway"
1606,"East Norway"
1525,"East Norway"
1362,"East Norway"
1607,"East Norway"
1360,"East Norway"
1361,"East Norway"
1233,"East Norway"
1238,"East Norway"
1495,"East Norway"
1494,"East Norway"
1460,"East Norway"
1463,"East Norway"
1487,"East Norway"
1489,"East Norway"
1492,"East Norway"
1526,"East Norway"
1490,"East Norway"
1486,"East Norway"
1469,"East Norway"
1374,"East Norway"
1369,"East Norway"
1368,"East Norway"
1367,"East Norway"
1371,"East Norway"
1365,"East Norway"
1373,"East Norway"
1358,"East Norway"
1357,"East Norway"
1608,"East Norway"
1359,"East Norway"
1480,"East Norway"
1485,"East Norway"
1477,"East Norway"
1481,"East Norway"
1482,"East Norway"
1473,"East Norway"
1471,"East Norway"
1363,"East Norway"
1478,"East Norway"
1462,"East Norway"
1475,"East Norway"
1479,"East Norway"
1450,"East Norway"
1461,"East Norway"
1470,"East Norway"
1447,"East Norway"
1434,"East Norway"
1476,"East Norway"
1449,"East Norway"
1467,"East Norway"
1465,"East Norway"
1459,"East Norway"
1610,"East Norway"
1455,"East Norway"
1464,"East Norway"
1453,"East Norway"
1452,"East Norway"
1448,"East Norway"
1442,"East Norway"
1444,"East Norway"
1440,"East Norway"
1441,"East Norway"
1430,"East Norway"
1439,"East Norway"
1436,"East Norway"
1427,"East Norway"
1431,"East Norway"
1002,"Norway"
1003,"Norway"
1004,"Norway"
1006,"Norway"
1007,"Norway"
1008,"Norway"
1009,"Norway"
1010,"Norway"
1023,"Norway"
1025,"Norway"
1026,"Norway"
1028,"Norway"
1033,"Norway"
1036,"Norway"
1037,"Norway"
1046,"Norway"
1047,"Norway"
1049,"Norway"
1052,"Norway"
1055,"Norway"
1058,"Norway"
1059,"Norway"
1062,"Norway"
1065,"Norway"
1068,"Norway"
1074,"Norway"
1075,"Norway"
1078,"Norway"
1083,"Norway"
1088,"Norway"
1089,"Norway"
1098,"Norway"
1102,"Norway"
1106,"Norway"
1108,"Norway"
1112,"Norway"
1113,"Norway"
1115,"Norway"
1116,"Norway"
1122,"Norway"
1134,"Norway"
1141,"Norway"
1149,"Norway"
1151,"Norway"
1152,"Norway"
1156,"Norway"
1161,"Norway"
1162,"Norway"
1167,"Norway"
1180,"Norway"
1183,"Norway"
1193,"Norway"
1205,"Norway"
1207,"Norway"
1209,"Norway"
1210,"Norway"
1212,"Norway"
1217,"Norway"
1218,"Norway"
1223,"Norway"
1225,"Norway"
1227,"Norway"
1228,"Norway"
1238,"Norway"
1240,"Norway"
1241,"Norway"
1245,"Norway"
1252,"Norway"
1257,"Norway"
1259,"Norway"
1265,"Norway"
1271,"Norway"
1274,"Norway"
1278,"Norway"
1280,"Norway"
1288,"Norway"
1290,"Norway"
1292,"Norway"
1293,"Norway"
1295,"Norway"
1300,"Norway"
1304,"Norway"
1307,"Norway"
1310,"Norway"
1311,"Norway"
1317,"Norway"
1318,"Norway"
1321,"Norway"
1322,"Norway"
1323,"Norway"
1329,"Norway"
1332,"Norway"
1337,"Norway"
1338,"Norway"
1340,"Norway"
1341,"Norway"
1347,"Norway"
1350,"Norway"
1355,"Norway"
1359,"Norway"
1364,"Norway"
1367,"Norway"
1372,"Norway"
1384,"Norway"
1385,"Norway"
1392,"Norway"
1393,"Norway"
1397,"Norway"
1400,"Norway"
1401,"Norway"
1403,"Norway"
1406,"Norway"
1411,"Norway"
1412,"Norway"
1415,"Norway"
1417,"Norway"
1424,"Norway"
1425,"Norway"
1427,"Norway"
1428,"Norway"
1433,"Norway"
1434,"Norway"
1441,"Norway"
1442,"Norway"
1446,"Norway"
1447,"Norway"
1448,"Norway"
1452,"Norway"
1455,"Norway"
1465,"Norway"
1467,"Norway"
1468,"Norway"
1469,"Norway"
1470,"Norway"
1471,"Norway"
1473,"Norway"
1474,"Norway"
1476,"Norway"
1481,"Norway"
1482,"Norway"
1486,"Norway"
1492,"Norway"
1493,"Norway"
1494,"Norway"
1495,"Norway"
1496,"Norway"
1498,"Norway"
1001,"Norway 2"
1002,"Norway 2"
1003,"Norway 2"
1004,"Norway 2"
1006,"Norway 2"
1007,"Norway 2"
1008,"Norway 2"
1009,"Norway 2"
1010,"Norway 2"
1011,"Norway 2"
1014,"Norway 2"
1015,"Norway 2"
1016,"Norway 2"
1017,"Norway 2"
1018,"Norway 2"
1019,"Norway 2"
1020,"Norway 2"
1021,"Norway 2"
1022,"Norway 2"
1023,"Norway 2"
1025,"Norway 2"
1026,"Norway 2"
1027,"Norway 2"
1028,"Norway 2"
1029,"Norway 2"
1033,"Norway 2"
1035,"Norway 2"
1036,"Norway 2"
1037,"Norway 2"
1038,"Norway 2"
1042,"Norway 2"
1043,"Norway 2"
1044,"Norway 2"
1045,"Norway 2"
1046,"Norway 2"
1047,"Norway 2"
1049,"Norway 2"
1052,"Norway 2"
1055,"Norway 2"
1057,"Norway 2"
1058,"Norway 2"
1059,"Norway 2"
1062,"Norway 2"
1065,"Norway 2"
1068,"Norway 2"
1074,"Norway 2"
1075,"Norway 2"
1078,"Norway 2"
1083,"Norway 2"
1084,"Norway 2"
1085,"Norway 2"
1086,"Norway 2"
1088,"Norway 2"
1099,"Norway 2"
1102,"Norway 2"
1105,"Norway 2"
1106,"Norway 2"
1107,"Norway 2"
1108,"Norway 2"
1112,"Norway 2"
1113,"Norway 2"
1114,"Norway 2"
1115,"Norway 2"
1116,"Norway 2"
1117,"Norway 2"
1121,"Norway 2"
1122,"Norway 2"
1124,"Norway 2"
1132,"Norway 2"
1133,"Norway 2"
1134,"Norway 2"
1135,"Norway 2"
1139,"Norway 2"
1141,"Norway 2"
1143,"Norway 2"
1144,"Norway 2"
1146,"Norway 2"
1147,"Norway 2"
1148,"Norway 2"
1149,"Norway 2"
1150,"Norway 2"
1151,"Norway 2"
1152,"Norway 2"
1153,"Norway 2"
1156,"Norway 2"
1158,"Norway 2"
1160,"Norway 2"
1161,"Norway 2"
1162,"Norway 2"
1167,"Norway 2"
1169,"Norway 2"
1180,"Norway 2"
1183,"Norway 2"
1192,"Norway 2"
1193,"Norway 2"
1198,"Norway 2"
1199,"Norway 2"
1200,"Norway 2"
1201,"Norway 2"
1203,"Norway 2"
1205,"Norway 2"
1207,"Norway 2"
1209,"Norway 2"
1210,"Norway 2"
1212,"Norway 2"
1214,"Norway 2"
1217,"Norway 2"
1218,"Norway 2"
1220,"Norway 2"
1221,"Norway 2"
1223,"Norway 2"
1225,"Norway 2"
1226,"Norway 2"
1227,"Norway 2"
1228,"Norway 2"
1229,"Norway 2"
1230,"Norway 2"
1232,"Norway 2"
1233,"Norway 2"
1234,"Norway 2"
1238,"Norway 2"
1239,"Norway 2"
1240,"Norway 2"
1241,"Norway 2"
1242,"Norway 2"
1245,"Norway 2"
1250,"Norway 2"
1252,"Norway 2"
1253,"Norway 2"
1254,"Norway 2"
1257,"Norway 2"
1259,"Norway 2"
1262,"Norway 2"
1265,"Norway 2"
1270,"Norway 2"
1271,"Norway 2"
1272,"Norway 2"
1273,"Norway 2"
1274,"Norway 2"
1277,"Norway 2"
1278,"Norway 2"
1280,"Norway 2"
1281,"Norway 2"
1282,"Norway 2"
1287,"Norway 2"
1288,"Norway 2"
1290,"Norway 2"
1291,"Norway 2"
1292,"Norway 2"
1293,"Norway 2"
1295,"Norway 2"
1298,"Norway 2"
1300,"Norway 2"
1302,"Norway 2"
1304,"Norway 2"
1307,"Norway 2"
1308,"Norway 2"
1309,"Norway 2"
1310,"Norway 2"
1311,"Norway 2"
1315,"Norway 2"
1317,"Norway 2"
1318,"Norway 2"
1319,"Norway 2"
1320,"Norway 2"
1321,"Norway 2"
1322,"Norway 2"
1323,"Norway 2"
1326,"Norway 2"
1327,"Norway 2"
1329,"Norway 2"
1332,"Norway 2"
1337,"Norway 2"
1338,"Norway 2"
1340,"Norway 2"
1341,"Norway 2"
1342,"Norway 2"
1344,"Norway 2"
1346,"Norway 2"
1347,"Norway 2"
1350,"Norway 2"
1352,"Norway 2"
1355,"Norway 2"
1358,"Norway 2"
1359,"Norway 2"
1360,"Norway 2"
1361,"Norway 2"
1362,"Norway 2"
1363,"Norway 2"
1364,"Norway 2"
1365,"Norway 2"
1366,"Norway 2"
1367,"Norway 2"
1368,"Norway 2"
1369,"Norway 2"
1370,"Norway 2"
1371,"Norway 2"
1372,"Norway 2"
1373,"Norway 2"
1374,"Norway 2"
1375,"Norway 2"
1376,"Norway 2"
1378,"Norway 2"
1380,"Norway 2"
1381,"Norway 2"
1382,"Norway 2"
1383,"Norway 2"
1384,"Norway 2"
1385,"Norway 2"
1386,"Norway 2"
1387,"Norway 2"
1389,"Norway 2"
1392,"Norway 2"
1393,"Norway 2"
1397,"Norway 2"
1399,"Norway 2"
1400,"Norway 2"
1401,"Norway 2"
1402,"Norway 2"
1403,"Norway 2"
1404,"Norway 2"
1406,"Norway 2"
1407,"Norway 2"
1408,"Norway 2"
1411,"Norway 2"
1412,"Norway 2"
1413,"Norway 2"
1414,"Norway 2"
1415,"Norway 2"
1416,"Norway 2"
1417,"Norway 2"
1419,"Norway 2"
1422,"Norway 2"
1424,"Norway 2"
1425,"Norway 2"
1426,"Norway 2"
1427,"Norway 2"
1428,"Norway 2"
1430,"Norway 2"
1431,"Norway 2"
1433,"Norway 2"
1434,"Norway 2"
1435,"Norway 2"
1436,"Norway 2"
1439,"Norway 2"
1440,"Norway 2"
1441,"Norway 2"
1442,"Norway 2"
1444,"Norway 2"
1446,"Norway 2"
1447,"Norway 2"
1448,"Norway 2"
1449,"Norway 2"
1450,"Norway 2"
1452,"Norway 2"
1453,"Norway 2"
1455,"Norway 2"
1459,"Norway 2"
1463,"Norway 2"
1464,"Norway 2"
1465,"Norway 2"
1466,"Norway 2"
1467,"Norway 2"
1468,"Norway 2"
1469,"Norway 2"
1470,"Norway 2"
1471,"Norway 2"
1472,"Norway 2"
1473,"Norway 2"
1474,"Norway 2"
1475,"Norway 2"
1476,"Norway 2"
1477,"Norway 2"
1478,"Norway 2"
1479,"Norway 2"
1480,"Norway 2"
1481,"Norway 2"
1482,"Norway 2"
1483,"Norway 2"
1484,"Norway 2"
1485,"Norway 2"
1486,"Norway 2"
1487,"Norway 2"
1488,"Norway 2"
1489,"Norway 2"
1490,"Norway 2"
1492,"Norway 2"
1493,"Norway 2"
1494,"Norway 2"
1495,"Norway 2"
1496,"Norway 2"
1498,"Norway 2"
1500,"Norway 2"
1503,"Norway 2"
1507,"Norway 2"
1508,"Norway 2"
1512,"Norway 2"
1513,"Norway 2"
1514,"Norway 2"
1515,"Norway 2"
1516,"Norway 2"
1517,"Norway 2"
1604,"Norway 2"
1605,"Norway 2"
1606,"Norway 2"
1607,"Norway 2"
1608,"Norway 2"
1609,"Norway 2"
1610,"Norway 2"
1611,"Norway 2"
1612,"Norway 2"
2191,"Coast"
2188,"Coast"
2176,"Coast"
2297,"Coast"
2287,"Coast"
2284,"Coast"
2269,"Coast"
2382,"Coast"
2368,"Coast"
2355,"Coast"
2450,"Coast"
2488,"Coast"
2493,"Coast"
2487,"Coast"
2567,"Coast"
2563,"Coast"
2575,"Coast"
2644,"Coast"
2665,"Coast"
2628,"Coast"
2625,"Coast"
2616,"Coast"
2605,"Coast"
2518,"Coast"
2515,"Coast"
2505,"Coast"
2501,"Coast"
2500,"Coast"
1495,"Coast"
1508,"Coast"
1482,"Coast"
1478,"Coast"
1476,"Coast"
1467,"Coast"
1448,"Coast"
1430,"Coast"
1436,"Coast"
1427,"Coast"
1426,"Coast"
1412,"Coast"
1411,"Coast"
1414,"Coast"
1406,"Coast"
1418,"Coast"
1307,"Coast"
1308,"Coast"
1304,"Coast"
1203,"Coast"
1205,"Coast"
1210,"Coast"
1212,"Coast"
1225,"Coast"
1228,"Coast"
1240,"Coast"
1259,"Coast"
1262,"Coast"
1102,"Coast"
1108,"Coast"
1117,"Coast"
1121,"Coast"
1115,"Coast"
1144,"Coast"
1152,"Coast"
1160,"Coast"
1156,"Coast"
1010,"Coast"
1012,"Coast"
1015,"Coast"
1021,"Coast"
1033,"Coast"
1044,"Coast"
1055,"Coast"
1068,"Coast"
1074,"Coast"
1083,"Coast"
1092,"Coast"
1098,"Coast"
1088,"Coast"
1034,"Coast"
1043,"Coast"
1046,"Coast"
1052,"Coast"
1066,"Coast"
1078,"Coast"
1086,"Coast"
1097,"Coast"
1099,"Coast"
1103,"Coast"
1105,"Coast"
1106,"Coast"
1107,"Coast"
1112,"Coast"
1114,"Coast"
1116,"Coast"
1137,"Coast"
1138,"Coast"
1139,"Coast"
1141,"Coast"
1154,"Coast"
1161,"Coast"
1521,"Coast"
2615,"Coast"
2516,"Coast"
1001,"Coast"
1002,"Coast"
1003,"Coast"
1004,"Coast"
1006,"Coast"
1007,"Coast"
1008,"Coast"
1009,"Coast"
1016,"Coast"
1017,"Coast"
1019,"Coast"
1020,"Coast"
1025,"Coast"
1026,"Coast"
1028,"Coast"
1045,"Coast"
1047,"Coast"
1049,"Coast"
1062,"Coast"
1075,"Coast"
1132,"Coast"
1143,"Coast"
1147,"Coast"
1158,"Coast"
1167,"Coast"
1207,"Coast"
1214,"Coast"
1224,"Coast"
1241,"Coast"
1242,"Coast"
1287,"Coast"
1298,"Coast"
1300,"Coast"
1311,"Coast"
1317,"Coast"
1318,"Coast"
1329,"Coast"
1338,"Coast"
1378,"Coast"
1385,"Coast"
1386,"Coast"
1400,"Coast"
1403,"Coast"
1416,"Coast"
1417,"Coast"
1422,"Coast"
1424,"Coast"
1450,"Coast"
1459,"Coast"
1465,"Coast"
1470,"Coast"
1483,"Coast"
1486,"Coast"
1493,"Coast"
2013,"Coast"
2019,"Coast"
2020,"Coast"
2024,"Coast"
2029,"Coast"
2119,"Coast"
2130,"Coast"
2186,"Coast"
2196,"Coast"
2197,"Coast"
2217,"Coast"
2219,"Coast"
2226,"Coast"
2230,"Coast"
2263,"Coast"
2286,"Coast"
2293,"Coast"
2292,"Coast"
2308,"Coast"
2331,"Coast"
2347,"Coast"
2354,"Coast"
2365,"Coast"
2366,"Coast"
2378,"Coast"
2403,"Coast"
2408,"Coast"
2417,"Coast"
2441,"Coast"
2464,"Coast"
2482,"Coast"
2486,"Coast"
2489,"Coast"
2496,"Coast"
2498,"Coast"
2520,"Coast"
2544,"Coast"
2545,"Coast"
2548,"Coast"
2558,"Coast"
2587,"Coast"
2589,"Coast"
2598,"Coast"
2607,"Coast"
2609,"Coast"
2611,"Coast"
2632,"Coast"
2646,"Coast"
2667,"Coast"
2670,"Coast"
2679,"Coast"
2680,"Coast"
2701,"Coast"
2704,"Coast"
2711,"Coast"
2719,"Coast"
2721,"Coast"
2723,"Coast"
2725,"Coast"
2727,"Coast"
2728,"Coast"
2730,"Coast"
2731,"Coast"
2732,"Coast"
2734,"Coast"
2736,"Coast"
2739,"Coast"
2741,"Coast"
2743,"Coast"
2746,"Coast"
2747,"Coast"
2750,"Coast"
2751,"Coast"
2752,"Coast"
2757,"Coast"
2761,"Coast"
2763,"Coast"
2765,"Coast"
2768,"Coast"
2772,"Coast"
2778,"Coast"
2780,"Coast"
2781,"Coast"
2788,"Coast"
2790,"Coast"
2793,"Coast"
2794,"Coast"
2795,"Coast"
2800,"Coast"
2801,"Coast"
2808,"Coast"
2816,"Coast"
2828,"Coast"
2831,"Coast"
2836,"Coast"
2862,"Coast"
2863,"Coast"
2872,"Coast"
2873,"Coast"
2875,"Coast"
2876,"Coast"
2889,"Coast"
2897,"Coast"
2907,"Coast"
2910,"Coast"
2913,"Coast"
2915,"Coast"
2917,"Coast"
2920,"Coast"
2939,"Coast"
2943,"Coast"
2944,"Coast"
2950,"Coast"
2964,"Coast"
2967,"Coast"
2976,"Coast"
2978,"Coast"
2979,"Coast"
2980,"Coast"
2981,"Coast"
2982,"Coast"
2984,"Coast"
2987,"Coast"
2988,"Coast"
2991,"Coast"
2992,"Coast"
2993,"Coast"
2996,"Coast"
4001,"Coast"
4003,"Coast"
4005,"Coast"
4007,"Coast"
4010,"Coast"
4013,"Coast"
4014,"Coast"
4017,"Coast"
4018,"Coast"
4025,"Coast"
4027,"Coast"
4030,"Coast"
4034,"Coast"
4038,"Coast"
4044,"Coast"
4045,"Coast"
4048,"Coast"
4051,"Coast"
4053,"Coast"
4058,"Coast"
4059,"Coast"
4062,"Coast"
4064,"Coast"
4065,"Coast"
4071,"Coast"
4072,"Coast"
4077,"Coast"
4081,"Coast"
4082,"Coast"
4087,"Coast"
4091,"Coast"
4094,"Coast"
4097,"Coast"
4101,"Coast"
4103,"Coast"
4104,"Coast"
4109,"Coast"
4115,"Coast"
4119,"Coast"
4120,"Coast"
4124,"Coast"
4126,"Coast"
4130,"Coast"
4131,"Coast"
4140,"Coast"
4161,"Coast"
4165,"Coast"
4170,"Coast"
4180,"Coast"
4183,"Coast"
4196,"Coast"
4197,"Coast"
4208,"Coast"
4211,"Coast"
4213,"Coast"
4214,"Coast"
4217,"Coast"
4219,"Coast"
4220,"Coast"
4221,"Coast"
4224,"Coast"
4228,"Coast"
4234,"Coast"
4241,"Coast"
4242,"Coast"
4250,"Coast"
4253,"Coast"
4254,"Coast"
4260,"Coast"
4266,"Coast"
4272,"Coast"
4273,"Coast"
4280,"Coast"
4282,"Coast"
4283,"Coast"
4285,"Coast"
4301,"Coast"
4312,"Coast"
4313,"Coast"
4320,"Coast"
4330,"Coast"
4339,"Coast"
4341,"Coast"
4351,"Coast"
4360,"Coast"
4361,"Coast"
4373,"Coast"
4382,"Coast"
4390,"Coast"
6021,"Coast"
6022,"Coast"
6033,"Coast"
6041,"Coast"
6042,"Coast"
6051,"Coast"
6052,"Coast"
6055,"Coast"
6058,"Coast"
6063,"Coast"
6073,"Coast"
6079,"Coast"
6081,"Coast"
6088,"Coast"
6093,"Coast"
6096,"Coast"
6099,"Coast"
6119,"Coast"
6123,"Coast"
6124,"Coast"
6132,"Coast"
6138,"Coast"
6147,"Coast"
6149,"Coast"
6151,"Coast"
6159,"Coast"
6165,"Coast"
6168,"Coast"
6169,"Coast"
6180,"Coast"
6183,"Coast"
6190,"Coast"
6193,"Coast"
22028,"Coast"
22165,"Coast"
22212,"Coast"
22217,"Coast"
22271,"Coast"
22282,"Coast"
22312,"Coast"
22349,"Coast"
22365,"Coast"
22422,"Coast"
22438,"Coast"
22446,"Coast"
22452,"Coast"
22471,"Coast"
22518,"Coast"
22520,"Coast"
22522,"Coast"
22525,"Coast"
22529,"Coast"
22541,"Coast"
22550,"Coast"
22551,"Coast"
22559,"Coast"
22602,"Coast"
22619,"Coast"
22621,"Coast"
22641,"Coast"
22727,"Coast"
22802,"Coast"
22892,"Coast"
22917,"Coast"
22798,"Coast"
22981,"Coast"
22996,"Coast"
26029,"Coast"
26058,"Coast"
26063,"Coast"
26115,"Coast"
26120,"Coast"
26128,"Coast"
26157,"Coast"
26214,"Coast"
26215,"Coast"
26218,"Coast"
26226,"Coast"
26227,"Coast"
26229,"Coast"
26313,"Coast"
26314,"Coast"
26324,"Coast"
26403,"Coast"
26406,"Coast"
26509,"Coast"
26603,"Coast"
6043,"Coast"
6126,"Coast"
59316,"Coast"
54527,"Coast"
47800,"Coast"
47740,"Coast"
47605,"Coast"
47600,"Coast"
47765,"Coast"
47891,"Coast"
47887,"Coast"
47898,"Coast"
47895,"Coast"
47899,"Coast"
47772,"Coast"
47778,"Coast"
47663,"Coast"
47636,"Coast"
47651,"Coast"
47655,"Coast"
47675,"Coast"
47662,"Coast"
54776,"Coast"
47050,"Coast"
47060,"Coast"
47068,"Coast"
47102,"Coast"
47069,"Coast"
47112,"Coast"
47129,"Coast"
47140,"Coast"
47165,"Coast"
47815,"Coast"
47830,"Coast"
47817,"Coast"
47843,"Coast"
47185,"Coast"
47189,"Coast"
47184,"Coast"
47169,"Coast"
47175,"Coast"
47170,"Coast"
47168,"Coast"
47162,"Coast"
47182,"Coast"
47159,"Coast"
47143,"Coast"
47152,"Coast"
47138,"Coast"
47130,"Coast"
47106,"Coast"
47105,"Coast"
47090,"Coast"
47061,"Coast"
47041,"Coast"
47046,"Coast"
47025,"Coast"
47055,"Coast"
47750,"Coast"
47746,"Coast"
47741,"Coast"
47755,"Coast"
47807,"Coast"
47827,"Coast"
47837,"Coast"
47936,"Coast"
47909,"Coast"
54539,"Coast"
54337,"Coast"
54471,"Coast"
54662,"Coast"
54843,"Coast"
54753,"Coast"
54751,"Coast"
54863,"Coast"
54857,"Coast"
54945,"Coast"
58040,"Coast"
58150,"Coast"
58251,"Coast"
58362,"Coast"
58472,"Coast"
58457,"Coast"
58265,"Coast"
58477,"Coast"
58569,"Coast"
58660,"Coast"
58666,"Coast"
58752,"Coast"
58754,"Coast"
58847,"Coast"
59567,"Coast"
58968,"Coast"
59559,"Coast"
59562,"Coast"
59358,"Coast"
58944,"Coast"
59501,"Coast"
59134,"Coast"
58974,"Coast"
2029,"Mountain"
2102,"Mountain"
2209,"Mountain"
2307,"Mountain"
2013,"Mountain"
2024,"Mountain"
2028,"Mountain"
2036,"Mountain"
2037,"Mountain"
2055,"Mountain"
2103,"Mountain"
2121,"Mountain"
2123,"Mountain"
2129,"Mountain"
2130,"Mountain"
2207,"Mountain"
2210,"Mountain"
2110,"Mountain"
2216,"Mountain"
2217,"Mountain"
2219,"Mountain"
2221,"Mountain"
2233,"Mountain"
2302,"Mountain"
2303,"Mountain"
2308,"Mountain"
2311,"Mountain"
2316,"Mountain"
2317,"Mountain"
2319,"Mountain"
2325,"Mountain"
1018,"Mountain"
1030,"Mountain"
1035,"Mountain"
1042,"Mountain"
1440,"Mountain"
1433,"Mountain"
1352,"Mountain"
1350,"Mountain"
1366,"Mountain"
1220,"Mountain"
1239,"Mountain"
1002,"Svalbard Barents"
1003,"Svalbard Barents"
1005,"Svalbard Barents"
1006,"Svalbard Barents"
1007,"Svalbard Barents"
1008,"Svalbard Barents"
1009,"Svalbard Barents"
1011,"Svalbard Barents"
1013,"Svalbard Barents"
11016,"Svalbard Barents"
11020,"Svalbard Barents"
11028,"Svalbard Barents"
11062,"Svalbard Barents"
